{
    "source_acc": [
        14.15929203539823,
        19.579646017699115,
        19.856194690265486,
        19.192477876106196,
        16.86946902654867,
        14.491150442477876,
        15.486725663716813,
        15.210176991150442,
        13.108407079646017,
        13.772123893805311,
        12.444690265486726,
        12.942477876106196,
        13.606194690265486,
        12.77654867256637,
        14.048672566371682,
        13.827433628318584,
        13.606194690265486,
        18.086283185840706,
        16.86946902654867,
        15.873893805309736,
        15.320796460176991,
        14.823008849557523,
        13.440265486725664,
        12.278761061946902,
        12.88716814159292,
        12.057522123893804,
        11.559734513274336,
        13.772123893805311,
        13.772123893805311,
        13.495575221238937,
        13.274336283185843,
        13.827433628318584,
        13.329646017699115,
        14.325221238938052,
        14.380530973451327,
        15.099557522123893,
        15.486725663716813,
        13.550884955752213,
        13.550884955752213,
        14.103982300884956,
        17.25663716814159,
        16.86946902654867,
        15.763274336283187,
        16.70353982300885,
        13.274336283185843,
        15.320796460176991,
        12.665929203539822,
        15.929203539823009,
        16.261061946902654,
        16.48230088495575,
        13.495575221238937,
        13.384955752212392,
        13.716814159292035,
        16.537610619469024,
        14.988938053097344,
        14.988938053097344,
        13.716814159292035,
        12.942477876106196,
        13.606194690265486,
        12.88716814159292,
        13.882743362831858,
        16.150442477876105,
        17.643805309734514,
        15.929203539823009,
        18.196902654867255,
        17.809734513274336,
        19.800884955752213,
        21.01769911504425,
        22.289823008849556,
        24.225663716814157,
        23.672566371681416,
        22.676991150442475,
        20.741150442477878,
        14.103982300884956,
        13.053097345132745,
        18.030973451327434,
        22.73230088495575,
        19.579646017699115,
        18.86061946902655,
        18.971238938053098,
        18.47345132743363,
        13.219026548672566,
        11.61504424778761,
        14.491150442477876
    ],
    "target_acc": [
        18.0,
        16.22222222222222,
        15.88888888888889,
        16.61111111111111,
        13.88888888888889,
        10.555555555555555,
        9.777777777777779,
        9.444444444444445,
        11.61111111111111,
        12.444444444444445,
        18.777777777777775,
        15.611111111111112,
        13.166666666666666,
        12.5,
        17.944444444444443,
        17.555555555555554,
        15.555555555555555,
        17.444444444444446,
        13.722222222222221,
        18.055555555555554,
        13.61111111111111,
        16.72222222222222,
        15.388888888888888,
        13.277777777777777,
        12.222222222222221,
        11.88888888888889,
        14.722222222222223,
        18.38888888888889,
        16.555555555555557,
        16.38888888888889,
        11.055555555555555,
        13.555555555555557,
        13.055555555555557,
        12.222222222222221,
        15.166666666666668,
        16.055555555555557,
        14.555555555555555,
        11.833333333333334,
        15.166666666666668,
        11.222222222222221,
        12.555555555555555,
        13.444444444444445,
        12.166666666666668,
        10.944444444444445,
        14.555555555555555,
        14.944444444444443,
        11.38888888888889,
        13.5,
        10.166666666666666,
        10.444444444444445,
        8.38888888888889,
        9.166666666666666,
        11.0,
        9.5,
        10.944444444444445,
        12.055555555555555,
        9.166666666666666,
        9.722222222222223,
        9.88888888888889,
        9.277777777777779,
        16.055555555555557,
        19.72222222222222,
        19.22222222222222,
        17.666666666666668,
        17.944444444444443,
        17.27777777777778,
        18.333333333333332,
        16.77777777777778,
        17.22222222222222,
        14.888888888888888,
        15.11111111111111,
        18.88888888888889,
        15.222222222222223,
        15.611111111111112,
        13.61111111111111,
        15.222222222222223,
        11.444444444444445,
        12.944444444444445,
        16.72222222222222,
        14.833333333333334,
        15.222222222222223,
        15.388888888888888,
        16.166666666666664,
        13.166666666666666
    ],
    "epoch": [
        0,
        1,
        2,
        3,
        4,
        5,
        6,
        7,
        8,
        9,
        10,
        11,
        12,
        13,
        14,
        15,
        16,
        17,
        18,
        19,
        20,
        21,
        22,
        23,
        24,
        25,
        26,
        27,
        28,
        29,
        30,
        31,
        32,
        33,
        34,
        35,
        36,
        37,
        38,
        39,
        40,
        41,
        42,
        43,
        44,
        45,
        46,
        47,
        48,
        49,
        50,
        51,
        52,
        53,
        54,
        55,
        56,
        57,
        58,
        59,
        60,
        61,
        62,
        63,
        64,
        65,
        66,
        67,
        68,
        69,
        70,
        71,
        72,
        73,
        74,
        75,
        76,
        77,
        78,
        79,
        80,
        81,
        82,
        83
    ]
}